#FusionName	JunctionReadCount	SpanningFragCount	SpliceType	LeftGene	LeftBreakpoint	RightGene	RightBreakpoint	LargeAnchorSupport	FFPM	LeftBreakDinuc	LeftBreakEntropy	RightBreakDinuc	RightBreakEntropy	annots
CBR1--CTC-479C5.12	6	22	INCL_NON_REF_SPLICE	CBR1^ENSG00000159228.8	chr21:37443271:+	CTC-479C5.12^ENSG00000261884.2	chr16:67969572:-	YES_LDAS	14.9578	TT	1.5301	TG	1.8295	["INTERCHROMOSOMAL[chr21--chr16]"]
CBR1--PSMB10	6	22	INCL_NON_REF_SPLICE	CBR1^ENSG00000159228.8	chr21:37443271:+	PSMB10^ENSG00000205220.7	chr16:67969572:-	YES_LDAS	14.9578	TT	1.5301	TG	1.8295	["INTERCHROMOSOMAL[chr21--chr16]"]
TIAL1--SH3GL1	7	0	INCL_NON_REF_SPLICE	TIAL1^ENSG00000151923.13	chr10:121356462:-	SH3GL1^ENSG00000141985.5	chr19:4360908:-	YES_LDAS	3.7395	TC	1.9656	CC	1.7465	["INTERCHROMOSOMAL[chr10--chr19]"]
SYNGR2--SDC1	5	5	INCL_NON_REF_SPLICE	SYNGR2^ENSG00000108639.3	chr17:76168783:+	SDC1^ENSG00000115884.6	chr2:20400725:-	YES_LDAS	5.342	TA	1.8062	GG	1.9656	["INTERCHROMOSOMAL[chr17--chr2]"]
NBAS--ACYP2	3	10	ONLY_REF_SPLICE	NBAS^ENSG00000151779.8	chr2:15644269:-	ACYP2^ENSG00000170634.8	chr2:54531825:+	YES_LDAS	6.9447	GT	1.5058	AG	1.9219	["INTRACHROMOSOMAL[chr2:38.50Mb]"]
EFNB1--C14orf166	4	3	INCL_NON_REF_SPLICE	EFNB1^ENSG00000090776.5	chrX:68060484:+	C14orf166^ENSG00000087302.4	chr14:52465245:+	NO_LDAS	3.7394	CT	1.8892	TT	1.7968	["INTERCHROMOSOMAL[chrX--chr14]"]
RAB1A--TREX1	3	6	INCL_NON_REF_SPLICE	RAB1A^ENSG00000138069.12	chr2:65315473:-	TREX1^ENSG00000213689.5	chr3:48508100:+	YES_LDAS	4.8078	TT	1.9656	TC	1.8892	["INTERCHROMOSOMAL[chr2--chr3]"]
DUSP1--P4HB	3	5	INCL_NON_REF_SPLICE	DUSP1^ENSG00000120129.5	chr5:172195686:-	P4HB^ENSG00000185624.10	chr17:79801439:-	YES_LDAS	4.2736	GG	1.9656	GA	1.7465	["INTERCHROMOSOMAL[chr5--chr17]"]
MTAP--RP11-399D6.2	4	1	ONLY_REF_SPLICE	MTAP^ENSG00000099810.14	chr9:21838009:+	RP11-399D6.2^ENSG00000234840.1	chr9:22674442:+	YES_LDAS	2.671	GT	1.5301	AG	1.9656	["CCLE","FA_CancerSupp","INTRACHROMOSOMAL[chr9:0.71Mb]"]
IPO7--ANAPC16	3	2	INCL_NON_REF_SPLICE	IPO7^ENSG00000205339.5	chr11:9430068:+	ANAPC16^ENSG00000166295.4	chr10:73993017:+	YES_LDAS	2.671	GG	1.8323	TA	1.7968	["INTERCHROMOSOMAL[chr11--chr10]"]
STAT3--EIF5A	3	2	INCL_NON_REF_SPLICE	STAT3^ENSG00000168610.10	chr17:40476839:-	EIF5A^ENSG00000132507.13	chr17:7215586:+	YES_LDAS	2.671	AA	1.7465	CC	1.5656	["INTRACHROMOSOMAL[chr17:33.25Mb]"]
HMGA1--KTN1	3	1	INCL_NON_REF_SPLICE	HMGA1^ENSG00000137309.15	chr6:34212700:+	KTN1^ENSG00000126777.13	chr14:56151169:+	YES_LDAS	2.1368	CC	1.9219	TG	1.6729	["INTERCHROMOSOMAL[chr6--chr14]"]
SNAPC3--NME1-NME2	1	9	ONLY_REF_SPLICE	SNAPC3^ENSG00000164975.11	chr9:15447242:+	NME1-NME2^ENSG00000243678.7	chr17:49247298:+	NO_LDAS	5.3421	GT	1.7465	AG	1.5546	["INTERCHROMOSOMAL[chr9--chr17]"]
SNAPC3--NME2	1	9	ONLY_REF_SPLICE	SNAPC3^ENSG00000164975.11	chr9:15447242:+	NME2^ENSG00000011052.17	chr17:49247298:+	NO_LDAS	5.3421	GT	1.7465	AG	1.5546	["INTERCHROMOSOMAL[chr9--chr17]"]
ACSM2A--HSPA1A	3	0	INCL_NON_REF_SPLICE	ACSM2A^ENSG00000183747.7	chr16:20488750:+	HSPA1A^ENSG00000204389.8	chr6:31783327:+	YES_LDAS	1.6026	GC	1.9656	CT	1.8892	["INTERCHROMOSOMAL[chr16--chr6]"]
C7orf50--DNAJB1	3	0	INCL_NON_REF_SPLICE	C7orf50^ENSG00000146540.10	chr7:1036669:-	DNAJB1^ENSG00000132002.3	chr19:14626966:-	YES_LDAS	1.6026	TT	1.8256	CA	1.8892	["INTERCHROMOSOMAL[chr7--chr19]"]
ETFA--AHNAK	3	0	INCL_NON_REF_SPLICE	ETFA^ENSG00000140374.11	chr15:76518216:-	AHNAK^ENSG00000124942.9	chr11:62283456:-	YES_LDAS	1.6026	AT	1.9899	TT	1.9329	["INTERCHROMOSOMAL[chr15--chr11]"]
PDCD10--LIMA1	3	0	INCL_NON_REF_SPLICE	PDCD10^ENSG00000114209.10	chr3:167452617:-	LIMA1^ENSG00000050405.9	chr12:50571274:-	YES_LDAS	1.6026	TG	1.7968	CA	1.8892	["INTERCHROMOSOMAL[chr3--chr12]"]
TP53AIP1--EIF5	3	0	INCL_NON_REF_SPLICE	TP53AIP1^ENSG00000120471.10	chr11:128804701:-	EIF5^ENSG00000100664.6	chr14:103803496:+	YES_LDAS	1.6026	CC	1.4295	AG	1.9329	["INTERCHROMOSOMAL[chr11--chr14]"]
HTR7--RP11-624D11.2	2	1	ONLY_REF_SPLICE	HTR7^ENSG00000148680.11	chr10:92616890:-	RP11-624D11.2^ENSG00000254532.1	chr11:30066002:-	YES_LDAS	1.6026	GT	1.9656	AG	1.9329	["INTERCHROMOSOMAL[chr10--chr11]"]
UIMC1--AHSA2	2	1	ONLY_REF_SPLICE	UIMC1^ENSG00000087206.12	chr5:176433651:-	AHSA2^ENSG00000173209.18	chr2:61406116:+	YES_LDAS	1.6026	GT	1.7056	AG	1.7465	["INTERCHROMOSOMAL[chr5--chr2]"]
BAG3--TRIM38	1	1	ONLY_REF_SPLICE	BAG3^ENSG00000151929.5	chr10:121411367:+	TRIM38^ENSG00000112343.8	chr6:25983392:+	NO_LDAS	1.0684	GT	1.9086	AG	1.8323	["INTERCHROMOSOMAL[chr10--chr6]"]
