gene,mutation,count
KT1,E242E,620
KEAP1,L471L,557
EGFR,T629T,396
PTPN13,S1001S,351
TP53,S241F,261
MAP2K2,I220I,236
EGFR,T903T,152
DROSH,N1255N,148
EGFR,R521K,121
KEAP1,Y537Y,105
EGFR,Q787Q,100
NFE2L2,G81S,94
DDR2,A499A,67
SMARCA4,H508H,58
EGFR,E746_A750delELREA,52
SMARCA4,P153fs*150,44
MAP2K2,R297R,43
TP53,C242S,38
MET,S178S,36
NFE2L2,S414N,33
TP53,P105P,31
DROSH,P1102P,24
FGFR1,T403T,24
BRCA2,N372H,23
TP53,L52P,21
TP53,P72R,21
KEAP1,R272H,21
NFE2L2,K506N,20
KRAS,G12C,19
EGFR,K745_A750>T,19
TP53,Y110C,18
MET,D1304D,18
HIF1a,A612T,18
MAP2K2,D341N,17
EGFR,N158N,17
KEAP1,S592R,16
SMARCA4,R521W,16
SMARCA4,A509S,16
KEAP1,R116W,16
NKX2-1,P155fs*43,16
MET,A1357A,14
EGFR,G42D,14
KEAP1,T142M,14
NOTCH1,D1698D,13
FGFR1,G697G,13
KEAP1,G423V,13
MAP2K2,R299M,12
EGFR,L858R,12
TP53,G56G,12
SMARCA4,L6F,12
KEAP1,R483H,12
KT1,R465C,12
KEAP1,V271M,12
TP53,V175L,12
SMARCA4,G394W,11
NFE2L2,H416Y,11
KT1,L335L,11
KEAP1,Q284*,11
KEAP1,Q75*,10
TP53,A7V,10
FGFR1,L750L,10
TP53,E180K,10
MAP2K2,F338Y,10
MAP2K2,P22S,9
RAD21,A410A,9
PTPN13,P940P,9
NFE2L2,V417L,9
MET,S283S,9
TP53,R123W,9
TP53,G146W,9
NKX2-1,C244C,8
MAP2K1,F53L,8
MET,K305*,8
KRAS,G13D,8
EGFR,A237V,7
KEAP1,D389Y,7
TP53,G245D,7
NFE2L2,D29H,7
KEAP1,E117K,7
TP53,R282W,7
SMARCA4,A1448V,7
NFE2L2,E82D,7
STK11,R106R,7
KRAS,A146P,7
MAP2K2,A265T,6
RB1,N186fs*6,6
TP53,?,6
STK11,H514D,6
KRAS,Q61H,6
TP53,Q12*,6
KRAS,A11A,6
BRCA2,N289H,6
TP53,L111Q,6
KEAP1,V155A,6
KEAP1,A191T,6
BRAF,V600E,6
KEAP1,A95S,6
TP53,F155V,6
EGFR,R1100S,6
DDR2,R83H,6
KDR,P263T,6
TP53,R175H,6
KEAP1,R234P,6
KEAP1,D479G,5
NFE2L2,L266F,5
TP53,G154fs*16,5
MAP2K1,A76S,5
MAP2K2,P109P,5
KEAP1,G195V,5
PTPN13,E283E,5
SOX2,G219V,5
KEAP1,A40V,5
TP53,N20N,5
KEAP1,W544C,5
KEAP1,S73I,5
HIF1a,M250I,5
MET,N315S,5
NFE2L2,S597fs*>8,5
SMARCA4,G1162C,5
BRAF,G643G,5
KEAP1,G364D,4
KEAP1,P278S,4
CTNNB1,P192S,4
KEAP1,V167F,4
KRAS,Q61L,4
RAD21,A570S,4
KEAP1,G419W,4
KRAS,A146V,4
KEAP1,C196F,4
CTNNB1,Q165H,4
MET,K2N,4
KEAP1,W252C,4
MAP2K2,P472P,4
KEAP1,S224Y,4
STK11,V41M,4
MAP2K1,G128V,4
KEAP1,G430S,4
STK11,R225R,4
SMARCA4,F1052L,4
SETD2,?,4
TP53,G304G,4
KDR,R347H,4
NFE2L2,N513I,4
SMARCA4,A948V,4
DROSH,E1193*,4
NFE2L2,W24R,4
NFE2L2,D38H,4
KDR,T279T,4
NOTCH1,C438Y,3
CTNNB1,G616E,3
TP53,R283P,3
RAD21,?,3
MET,H1097D,3
TP53,A276D,3
NOTCH1,G434fs*197,3
BRAF,?,3
RB1,?,3
KEAP1,P361L,3
TP53,W91*,3
RAD21,D95H,3
RAD21,P510T,3
HER2,Q943*,3
NOTCH1,P2415delP,3
BRAF,G466E,3
BRAF,A762E,3
KEAP1,G417E,3
NOTCH1,P284P,3
KEAP1,R483R,3
EGFR,Q1020H,3
MAP2K2,?,3
KEAP1,V369L,3
KEAP1,F139L,3
MAP2K2,Q114*,3
EGFR,V536M,3
KEAP1,D422N,3
DROSH,E1363D,3
KEAP1,M503K,3
NFE2L2,D27H,3
NFE2L2,L464V,3
KEAP1,Q46*,3
EGFR,P589L,3
ERBB2,Q943*,3
TP53,Q100*,3
TP53,C44Y,3
SETD2,W2016C,3
EGFR,D1014N,3
KEAP1,K323fs*5,3
CTNNB1,A627S,3
KEAP1,N397delN,3
KRAS,G12A,3
KRAS,C185S,3
STK11,V425V,3
HER2,T902S,3
STK11,V113M,3
STK11,K535M,3
TP63,A227S,3
VHL,S183S,3
STK11,A397V,3
MAP2K1,C121C,3
TP53,C149W,3
TP53,C3W,3
FGFR1,S3I,3
DDR2,S830N,3
FGFR1,S794F,3
STK11,D613H,3
FGFR1,D637N,3
NFE2L2,Q26L,3
DDR2,R307L,3
KRAS,G12F,3
STK11,C167R,3
ERBB2,T917S,3
CTNNB1,L402F,3
MET,P1382P,3
KEAP1,C171F,3
KEAP1,V123L,3
KEAP1,G527F,3
KDR,W485C,3
KDR,T1339K,3
DDR2,T782I,3
KDR,N143K,3
SMARCA4,E1612*,3
KEAP1,M110I,3
TP53,A289T,3
NKX2-1,T38M,3
TP53,G245R,3
RB1,L199fs*2,3
SMARCA4,G1031V,3
MAP2K1,P15S,3
KEAP1,D235A,3
TP53,R119R,3
MAP2K2,F338L,2
EGFR,P1019L,2
RB1,E97fs*13,2
MAP2K2,R487L,2
EGFR,L303L,2
KRAS,G13C,2
EGFR,K754E,2
EGFR,F856L,2
MAP2K2,S176S,2
RB1,Q121*,2
EGFR,V1142V,2
TP53,G244D,2
MAP2K2,R194H,2
MAP2K2,Q126Q,2
TP53,V31V,2
TP53,Q51H,2
TP53,H193L,2
TP53,Y107*,2
MAP2K1,R108Q,2
TP53,P47fs*76,2
TP53,E103K,2
TP53,S166*,2
MAP2K1,K57N,2
TP53,R282R,2
TP53,R249G,2
NOTCH1,A1851S,2
TP53,L217L,2
TP53,R168K,2
TP53,P191fs*56,2
DROSH,G851V,2
DROSH,E1275*,2
TP53,C9*,2
RB1,M230I,2
TP53,R337C,2
RAD21,M254I,2
MAP2K2,A117V,2
MAP2K2,S479R,2
LK,A1251D,2
LK,K321R,2
FGFR2,A53A,2
CTNNB1,C213F,2
CTNNB1,M739I,2
RAD21,A410S,2
BAP1,A140V,2
RAD21,L192V,2
CTNNB1,K671K,2
CTNNB1,D32N,2
CTNNB1,E686E,2
RAD21,V284F,2
CTNNB1,S37F,2
HIF1a,K310N,2
TP63,R244L,2
NKX2-1,P189P,2
STK11,G294C,2
KEAP1,R320W,2
DDR2,R458H,2
SETD2,D1939N,2
SMAD4,R361H,2
DDR2,G853G,2
STK11,E70*,2
SETD2,E1816*,2
DDR2,S830S,2
DDR2,G774G,2
DDR2,L420L,2
DDR2,K551N,2
KEAP1,Q193H,2
NFE2L2,D77H,2
STK11,G251V,2
KEAP1,V155F,2
KEAP1,G333C,2
KEAP1,A159P,2
NFE2L2,R34G,2
KEAP1,G332C,2
PTPN13,H1000L,2
PTPN13,A892T,2
KEAP1,V83F,2
KEAP1,S243C,2
NFE2L2,E79V,2
KEAP1,?,2
STK11,K424R,2
BRCA1,S1436S,2
NFE2L2,P477S,2
MYCL,S127S,2
KDR,P32T,2
SMARCA4,L1161fs*3,2
SMARCA4,E1023Q,2
SMARCA4,G1232V,2
SMARCA4,?,2
KDR,C654*,2
KDR,A1050V,2
KDR,A973S,2
SMARCA4,L1545L,2
SMARCA4,Q82E,2
SMARCA4,Q544P,2
SMARCA4,A819A,2
STK11,E544*,2
SMARCA4,E1496*,2
SMARCA4,Q331*,2
SMARCA4,R521P,2
STK11,G174R,2
STK11,?,2
STK11,A241P,2
STK11,P281L,2
STK11,R447P,2
SMARCA4,H52P,2
SMARCA4,T1129S,2
STK11,G58R,2
NFE2L2,S136F,2
SMARCA4,Q1195H,2
PTPN13,S145F,2
NKX2-1,S79L,2
EGFR,G857V,2
HER2,A16V,2
KEAP1,R460S,2
KEAP1,R483C,2
RB1,C278R,2
MET,C98F,2
KEAP1,L231V,2
KEAP1,G480W,2
KEAP1,G603W,2
KEAP1,E205*,2
NFE2L2,D27G,2
KEAP1,M161I,2
KEAP1,R554Q,2
KEAP1,R320P,2
KEAP1,L100P,2
KEAP1,P318L,2
KEAP1,R470H,2
NKX2-1,L395L,2
KEAP1,R415C,2
KEAP1,R15L,2
KEAP1,M110V,2
BRCA2,K3416fs*>3,2
KEAP1,I185N,2
NFE2L2,E79Q,2
KEAP1,F246L,2
EGFR,V843L,2
KEAP1,E611D,2
KEAP1,R204P,2
NFE2L2,D77G,2
EGFR,R831H,2
NFE2L2,L143R,2
NFE2L2,R34Q,2
NFE2L2,T80K,2
EGFR,S921R,2
SMARCA4,E1646K,1
SMARCA4,V1404G,1
MET,H476Y,1
MET,Q524Q,1
SMARCA4,L773L,1
SMARCA4,K440E,1
MET,P742A,1
BRCA2,N255fs*21,1
NOTCH1,R2313G,1
SMARCA4,E1339*,1
KRAS,Q61K,1
BRCA2,K1132K,1
MET,R426R,1
NOTCH1,V2038L,1
MET,A1372P,1
SMARCA4,D1235Y,1
MET,Y321H,1
SETD2,L1815F,1
NOTCH1,D2091D,1
ERBB2,R128Q,1
ERBB2,Y757Y,1
DROSH,M1154I,1
DROSH,I922V,1
DROSH,I98M,1
DROSH,P1292L,1
ERBB2,V308M,1
SMARCA4,R1192P,1
DROSH,A896S,1
NOTCH1,L818V,1
NOTCH1,G2345V,1
ERBB2,I640V,1
MET,K223K,1
MET,?,1
NOTCH1,V485V,1
SETD2,W2016R,1
KRAS,L19F,1
SETD2,C1501S,1
NOTCH1,I1718I,1
NOTCH1,C618W,1
KRAS,C118S,1
KRAS,D33E,1
NOTCH1,T445T,1
KRAS,G13V,1
KRAS,K88K,1
NOTCH1,P2469S,1
NOTCH1,T1996M,1
NOTCH1,A2019P,1
SETD2,N1541S,1
SMARCA4,G594A,1
NOTCH1,E1555K,1
DROSH,R1342L,1
RB1,W78*,1
SMARCA4,R973L,1
PTPN13,S1243R,1
ERBB4,A662S,1
ERBB4,P800S,1
ERBB4,V1055V,1
KT1,D323Y,1
KT1,T430T,1
KT1,E17K,1
FGFR2,W290C,1
ERBB4,H1303Q,1
FGFR2,M803I,1
CTNNB1,V600G,1
CTNNB1,L46L,1
PTPN13,G962D,1
CTNNB1,G34V,1
CTNNB1,A295T,1
PTPN13,A45S,1
ERBB4,W10*,1
PTPN13,D1736Y,1
RB1,P39fs*26,1
RB1,E440*,1
RB1,R445*,1
RB1,A525A,1
RB1,W75*,1
RB1,G192R,1
RB1,E539D,1
RB1,L88F,1
ERBB4,R47G,1
RB1,E72*,1
RB1,Y155fs*1,1
SOX2,G144R,1
TP53,S281C,1
NKX2-1,G164S,1
BRIP,G652E,1
CTNNB1,T41A,1
CTNNB1,V658F,1
SMARCA4,Q383*,1
DDR2,G101W,1
MAP2K1,S331R,1
MAP2K1,G75G,1
DDR2,G570G,1
DDR2,G579W,1
RB1,K548fs*3,1
DDR2,F64Y,1
DDR2,S79S,1
MAP2K1,D208D,1
SMARCA4,L848P,1
SMARCA4,P109L,1
SMARCA4,R381*,1
SMARCA4,A1249S,1
MAP2K1,M146I,1
MAP2K1,E73E,1
MAP2K1,R96K,1
MAP2K1,Y134C,1
PTPN13,G1001*,1
DDR2,Y789N,1
PTPN13,S699Y,1
PTPN13,*2491*,1
DDR2,V250M,1
CTNNB1,L401L,1
DDR2,S501S,1
DDR2,E113K,1
CTNNB1,Q193*,1
DDR2,F665F,1
MAP2K1,C121S,1
MAP2K1,M256T,1
DDR2,D171Y,1
DDR2,G253S,1
MAP2K1,K57T,1
MAP2K1,R189*,1
TP53,E163E,1
BAP1,P390T,1
TP53,R280T,1
KEAP1,D236H,1
STK11,K62*,1
STK11,L386L,1
STK11,F255>?,1
STK11,G56V,1
STK11,G251R,1
STK11,W332*,1
STK11,K108*,1
STK11,A41S,1
STK11,F354L,1
STK11,D194Y,1
STK11,G61fs*3,1
STK11,C199F,1
STK11,I303M,1
STK11,Q152*,1
STK11,S216F,1
STK11,E199*,1
STK11,Q315Q,1
STK11,A301A,1
STK11,A308P,1
STK11,E145*,1
STK11,I642M,1
STK11,D542G,1
STK11,Q220*,1
STK11,R524S,1
PTPRT,A1266A,1
PTPRT,E318*,1
PTPRT,T329N,1
STK11,G242W,1
KEAP1,G524C,1
EGFR,L747S,1
KEAP1,R460G,1
EGFR,L1167V,1
EGFR,G719A,1
KEAP1,Q284L,1
KEAP1,T588fs*31,1
KEAP1,I559I,1
KEAP1,G364C,1
KEAP1,L310P,1
KEAP1,P105S,1
KEAP1,R260L,1
KEAP1,V418L,1
KEAP1,M94I,1
KEAP1,P278R,1
KEAP1,T314fs*3,1
KEAP1,D78N,1
KEAP1,Y375H,1
KEAP1,R470C,1
KEAP1,P322L,1
KEAP1,I304M,1
KEAP1,R261P,1
KEAP1,L374L,1
KEAP1,G417R,1
KEAP1,K97N,1
KEAP1,E493D,1
KEAP1,K287*,1
KEAP1,A331A,1
KEAP1,W497*,1
KEAP1,L557L,1
PTPRT,Q479E,1
PTPRT,G276D,1
PTPRT,T603K,1
PTPRT,R1368*,1
SMAD4,Q289*,1
PIK3CB,R835W,1
PIK3CB,E1051K,1
NFE2L2,R258G,1
NFE2L2,W24C,1
NFE2L2,L476L,1
NFE2L2,G31E,1
NFE2L2,G81V,1
NFE2L2,G31R,1
NFE2L2,S94*,1
NFE2L2,S230L,1
NFE2L2,T80A,1
HER2,Y772Y,1
HER2,V293M,1
HER2,R143Q,1
PIK3C,H495L,1
PIK3C,Y1021C,1
PIK3C,G1049R,1
PIK3C,E726K,1
PIK3C,L177F,1
PIK3C,N107Y,1
PIK3C,Q958*,1
PIK3C,P539R,1
PIK3C,M1043V,1
HIF1a,Q721E,1
HIF1a,A640P,1
HIF1a,T666S,1
SMAD4,D537E,1
SMAD4,V492F,1
BRCA1,S1613G,1
KDR,D180E,1
PTPRT,Q409Q,1
PTPRT,R247P,1
MYCL,C253F,1
KDR,S112*,1
KDR,Q422Q,1
KDR,L151L,1
KDR,A111S,1
KDR,N156D,1
KDR,Y354*,1
KDR,E1297*,1
KDR,S620R,1
KDR,E489G,1
KDR,E993K,1
BRCA1,P871L,1
BRAF,S679N,1
BRAF,L597V,1
BRAF,R682W,1
BRAF,Q609H,1
BRAF,L89L,1
BRAF,G469L,1
BRCA1,K1183R,1
BRCA1,S1474*,1
BRCA1,E1548D,1
BRCA1,S694S,1
BRCA1,W1836C,1
BRCA1,G535*,1
EGFR,E746_T751delELREAT,1
EGFR,L387M,1
TP53,Q43*,1
TP53,L148L,1
TP53,V272E,1
TP53,V41L,1
TP53,L62F,1
TP53,E252*,1
TP53,A159P,1
TP53,T153A,1
TP53,V182V,1
TP53,G325*,1
TP53,R248W,1
TP53,L190P,1
TP53,L348F,1
TP53,R337L,1
TP53,E339*,1
TP53,C277F,1
TP53,V73fs*50,1
TP53,M153I,1
TP53,C135F,1
TP53,F59F,1
TP53,V172G,1
TP53,R273H,1
TP53,R273C,1
TP53,Y103*,1
TP53,I254S,1
TP53,P180P,1
TP53,E258D,1
TP53,R342*,1
TP53,C124*,1
TP53,R213*,1
TP53,K164*,1
EGFR,S811F,1
TP53,R49C,1
TP53,Q144P,1
TP53,Y73C,1
TP53,T125P,1
TP53,Q133E,1
TP53,M13I,1
TP53,M246V,1
TP53,F187F,1
TP53,S182F,1
TP53,P153fs*28,1
TP53,G266E,1
TP53,L157V,1
TP53,V274F,1
TP53,D281E,1
TP53,V157F,1
TP53,E285V,1
TP53,E72*,1
TP53,R249S,1
TP53,A161D,1
TP53,P60S,1
TP53,R65C,1
TP53,R26L,1
TP53,T284P,1
TP53,C275F,1
TP53,W271C,1
TP53,R181P,1
TP53,I162F,1
TP53,E294*,1
TP53,P151A,1
TP53,C3fs*35,1
TP53,T125T,1
TP53,R280*,1
LK,L1318M,1
LK,H1475Q,1
MAP2K2,T287T,1
MAP2K2,A310V,1
MAP2K2,L37L,1
MAP2K2,A181A,1
MAP2K2,G14C,1
MAP2K2,Q74Q,1
MAP2K2,G303W,1
MAP2K2,R55R,1
MAP2K2,P32P,1
MAP2K2,L195L,1
MAP2K2,N177T,1
MAP2K2,R295W,1
MAP2K2,C205C,1
EGFR,L907M,1
EGFR,A21A,1
EGFR,G652G,1
EGFR,L1034I,1
EGFR,G598V,1
EGFR,I1093M,1
EGFR,R776H,1
EGFR,R335R,1
EGFR,I91V,1
EGFR,L861Q,1
EGFR,S442I,1
EGFR,V769L,1
LK,?,1
LK,L363L,1
RAD21,Q293E,1
RAD21,T199S,1
TP53,E298*,1
FGFR1,T395N,1
FGFR1,R254R,1
FGFR1,L548R,1
FGFR1,C488C,1
FGFR1,S371S,1
FGFR1,P800L,1
FGFR1,R445W,1
TP63,T144T,1
TP63,C339F,1
TP63,S184W,1
TP63,F156F,1
RAD21,D118V,1
RAD21,L451L,1
RAD21,K596E,1
RAD21,D123Y,1
RAD21,L567V,1
RAD21,G221A,1
RAD21,L324P,1
RAD21,M272I,1
RAD21,E365Q,1
RAD21,R627K,1
RAD21,E98Q,1
RAD21,I45V,1
RAD21,Q474*,1
RAD21,L372L,1
BRCA2,V741L,1
